{
  "minecraft:recipes/misc/charcoal": {
    "criteria": {
      "has_log": "2024-08-09 00:26:42 +0000"
    },
    "done": true
  },
  "minecraft:recipes/decorations/crafting_table": {
    "criteria": {
      "unlock_right_away": "2024-08-09 00:23:59 +0000"
    },
    "done": true
  },
  "minecraft:recipes/building_blocks/oak_planks": {
    "criteria": {
      "has_logs": "2024-08-09 00:26:42 +0000"
    },
    "done": true
  },
  "minecraft:adventure/adventuring_time": {
    "criteria": {
      "minecraft:beach": "2024-08-09 00:24:00 +0000",
      "minecraft:river": "2024-08-09 00:25:50 +0000",
      "minecraft:plains": "2024-08-09 00:24:16 +0000"
    },
    "done": false
  },
  "minecraft:recipes/building_blocks/oak_wood": {
    "criteria": {
      "has_log": "2024-08-09 00:26:42 +0000"
    },
    "done": true
  },
  "DataVersion": 3955
}